total_stations,mean_distance,max_distance,min_distance,std_distance,mean_lat_diff,mean_lon_diff
3,242370.01692877756,265066.81525820313,210386.30901288113,28498.674672020054,0.14089564618517159,2.3764099710499806
