測站名稱,縣市,AQI,等級,緯度,經度,距離台北車站(km)
基隆,基隆市,35,良好,25.129167,121.760056,26.1
汐止,新北市,31,良好,25.06624,121.64081,12.64
新店,新北市,35,良好,24.977222,121.537778,8.12
土城,新北市,36,良好,24.982528,121.451861,9.79
林口,新北市,28,良好,25.0677,121.3163,25.3
桃園,桃園市,42,良好,24.9936,121.3121,31.2
新竹,新竹市,38,良好,24.8138,120.9675,72.5
台中,台中市,45,良好,24.1477,120.6736,156.6
嘉義,嘉義市,40,良好,23.4801,120.4491,232.1
台南,台南市,37,良好,22.9999,120.2269,299.8
高雄,高雄市,33,良好,22.6305,120.3159,340.3
左營,高雄市,30,良好,22.6275,120.2665,345.1
